-- phpMyAdmin SQL Dump
-- version 3.4.5
-- http://www.phpmyadmin.net
--
-- Host: localhost
-- Generation Time: Jul 27, 2012 at 12:16 PM
-- Server version: 5.5.16
-- PHP Version: 5.3.8

SET SQL_MODE="NO_AUTO_VALUE_ON_ZERO";
SET time_zone = "+00:00";


/*!40101 SET @OLD_CHARACTER_SET_CLIENT=@@CHARACTER_SET_CLIENT */;
/*!40101 SET @OLD_CHARACTER_SET_RESULTS=@@CHARACTER_SET_RESULTS */;
/*!40101 SET @OLD_COLLATION_CONNECTION=@@COLLATION_CONNECTION */;
/*!40101 SET NAMES utf8 */;

--
-- Database: `newsbasket`
--

-- --------------------------------------------------------

--
-- Table structure for table `article`
--

CREATE TABLE IF NOT EXISTS `article` (
  `id_article` int(11) NOT NULL,
  `id_source` int(11) NOT NULL,
  `id_category` varchar(5) NOT NULL,
  `author` varchar(255) DEFAULT NULL,
  `created_on` date DEFAULT NULL,
  `last_edited_by` varchar(255) DEFAULT NULL,
  `last_edited_on` date DEFAULT NULL,
  `published_by` varchar(255) DEFAULT NULL,
  `published_on` date DEFAULT NULL,
  `headline` varchar(200) DEFAULT NULL,
  `slug` varchar(255) DEFAULT NULL,
  `lead_article` text,
  `body_article` text,
  `tag` varchar(255) DEFAULT NULL,
  `article_flag` enum('row_article','edited','published','deleted') DEFAULT NULL,
  `locked` enum('yes','no') DEFAULT NULL,
  PRIMARY KEY (`id_article`),
  KEY `id_source` (`id_source`),
  KEY `id_category` (`id_category`)
) ENGINE=InnoDB DEFAULT CHARSET=latin1;

--
-- Dumping data for table `article`
--

INSERT INTO `article` (`id_article`, `id_source`, `id_category`, `author`, `created_on`, `last_edited_by`, `last_edited_on`, `published_by`, `published_on`, `headline`, `slug`, `lead_article`, `body_article`, `tag`, `article_flag`, `locked`) VALUES
(1, 1, 'eco', 'author', '2012-07-18', NULL, NULL, NULL, NULL, 'qweqwewqeqweqweqwe', 'test', 'Pencanangan Gerakan Percepatan Tanam Padi Sawah Kabupaten Garut Tahun 2012 telah dilaksanakan pada hari Kamis tanggal 12 Januari 2012. Kegiatan ini diadakan di Kampung Pulo Desa Sindang Suka Kecamatan Cibatu Kabupaten Garut. Kegiatan ini dihadiri oleh Kepala Dinas Pertanian Tanaman Provinsi Jawa Barat, Bupati Garut, Ketua DPRD Kabupaten Garut, Para Kepala Dinas/Badan Kabupaten Garut, Para Camat dan Kades di Wilayah Kabupaten Garut, Stakeholder dan para petani. Dalam sambutannya, Kepala Dinas Pertanian Tanaman Pangan Provinsi Jawa Barat DR. Ir. Endang Suhendar, MS mengungkapkan bahwa Provinsi Jawa Barat merupakan salah satu sentra produksi padi nasional dengan produksi padi tahun 2011 sebesar 11.467.516 ton GKG merupakan provinsi dengan kontribusi tertinggi di Indonesia sebesar 17,54 % serta produktivitas tertinggi di Indonesia sebesar 58,52 ku/ha GKG terdiri dari padi sawah sebesar 59,91 ku/ha dan ladang 38,35 ku/ha.', 'Pencanangan Gerakan Percepatan Tanam Padi Sawah Kabupaten Garut Tahun 2012 telah dilaksanakan pada hari Kamis tanggal 12 Januari 2012. Kegiatan ini diadakan di Kampung Pulo Desa Sindang Suka Kecamatan Cibatu Kabupaten Garut. Kegiatan ini dihadiri oleh Kepala Dinas Pertanian Tanaman Provinsi Jawa Barat, Bupati Garut, Ketua DPRD Kabupaten Garut, Para Kepala Dinas/Badan Kabupaten Garut, Para Camat dan Kades di Wilayah Kabupaten Garut, Stakeholder dan para petani. Dalam sambutannya, Kepala Dinas Pertanian Tanaman Pangan Provinsi Jawa Barat DR. Ir. Endang Suhendar, MS mengungkapkan bahwa Provinsi Jawa Barat merupakan salah satu sentra produksi padi nasional dengan produksi padi tahun 2011 sebesar 11.467.516 ton GKG merupakan provinsi dengan kontribusi tertinggi di Indonesia sebesar 17,54 % serta produktivitas tertinggi di Indonesia sebesar 58,52 ku/ha GKG terdiri dari padi sawah sebesar 59,91 ku/ha dan ladang 38,35 ku/ha.\n\nPencapaian produksi padi provinsi Jawa Barat ini tidak sedikit sumbangannya yang berasal dari Kabupaten Garut (± 7%), dimana setiap tahunnya Kabupaten Garut mampu meningkatkan produksi padinya. Selanjutnya DR. Ir. Endang Suhendar, MS menyatakan bahwa sasaran produksi padi provinsi Jawa Barat tahun 2012 ditetapkan sebesar 12,5 juta ton GKG, untuk mencapai sasaran tersebut tentu kita harus mempunyai strategi diantaranya yaitu dengan peningkatan produktivitas persatuan luas, perluasan areal tanam melalui peningkatan Indeks Pertanaman (IP), pengamanan produksi dari dampak perubahan iklim dan organisme pengganggu tanaman serta harus adanya penguatan manajemen agar pelaksanaan program berjalan sesuai rencana.\n\nDalam rangka upaya peningkatan produksi padi antara lain dengan menghasilkan produktivitas persatuan luas melalui penerapan teknologi serta dukungan dari berbagai pihak antara lain gerakan pencanangan tanam padi seperti ini sangat diperlukan untuk menggerakan aktivitas lainnya sebagai pendukung seperti gerakan pemupukan berimbang, gerakan penerapan teknologi, gerakan pengendalian OPT, gerakan pencanangan panen dan pasca panen dan sebagainya. Menutup sambutannya, DR. Ir. Endang Suhendar, MS berharap dengan dilaksanakannya gerakan pencanangan tanam padi di Desa Sindang Suka Kecamatan Cibatu Kabupaten Garut ini, mudah-mudahan dapat menjadikan kebiasaan petani khususnya di desa sindang suka ini untuk segera menanam padinya pada awal musim hujan secara serempak sehingga tanaman padinya bisa terjamin airnya dan dapat meningkatkan IP, sehingga mendukung terhadap pencapaian sasaran produksi padi Kabupaten Garut.', 'test', 'deleted', 'no'),
(2, 2, 'eco', 'author2', '2012-07-18', 'editor2', '2012-07-23', NULL, NULL, 'Garut Targetkan Percepatan Jadi Sentra Padi', 'test2', 'Pemerintah Kabupaten Garut menargetkan percepatan realisasi Garut sebagai sentra padi di Jawa Barat. Peningkatan produksi padi dari lahan sawah tadah hujan menjadi salah satu upaya merealisasikan target produksi 1 juta ton gabah kering giling.', 'Pemerintah Kabupaten Garut menargetkan percepatan realisasi Garut sebagai sentra padi di Jawa Barat. Peningkatan produksi padi dari lahan sawah tadah hujan menjadi salah satu upaya merealisasikan target produksi 1 juta ton gabah kering giling. Kepala Dinas Tanaman Pangan dan Hortikultura Kabupaten Garut Tatang Hidayat mengatakan, lahan tadah hujan menjadi lahan potensial untuk meningkatkan produksi padi. Selama ini, kata Tatang, para petani masih memanfaatkan lahan tadah hujan secara konvensional sehingga hanya bisa melakukan satu kali panen dalam semusim. Melalui program percepatan masa tanam tersebut, diharapkan para petani dapat meningkatkan masa panen hingga dua kali dalam setahun.\n\nTatang mengungkapkan, lahan sawah tadah hujan di Garut mencapai 9.834 dari total sawah 50.270 hektare. Lahan tadah hujan itu tersebar di 33 kecamatan. Akan tetapi luas lahan tadah hujan itu baru dimanfaatkan untuk satu kali masa tanam/panen dan menghasilkan 60.000 ton per tahun. "Dengan pengembangan budaya mitra sistem gogo rancah, para petani bisa belajar untuk mengolah lahan sebelum musim hujan sehingga lahan bisa dimanfaatkan dua kali dalam setahun. Dengan begitu, dari lahan sawah tadah hujan bisa didapatkan 120.000 ton gkg hasil dua kali panen," ungkap Tatang dalam acara Gerakan Percepatan Tanam Padi di Lahan Tadah Hujan di Desa Sindangsuka, Kecamatan Cibatu, Kabupaten Garut, Kamis (12/1). Dia berharap, peningkatan tersebut bisa mempercepat peningkatan target produksi 1 juta ton pada 2014, sesuai target pemerintah pusat.', 'test', 'row_article', 'no'),
(3, 3, 'pol', 'author', '2012-07-18', NULL, NULL, NULL, NULL, 'Direncanakan Hari Tanam Satu Miliar Pohon Untuk Penghijauan lhoo', 'test3', 'Menyongsong Hari Pohon Se-Dunia yang jatuh pada tanggal 21 Nopember 2011 mendatang, Kabupaten Bogor kembali mendapat kehormatan sebagai tuan rumah dalam kegiatan berskala nasional dalam penanaman pohon. Gerakan penanaman satu miliar pohon ini juga sedianya akan dilakukan serentak seluruh tanah air sebagaimana amanat Keputusan Presiden RI No. 24 Tahun 2008, telah ditetapkan tanggal 28 November sebagai Hari Menanam Pohon Indonesia (HMPI) dan Bulan Menanam Nasional (BMN).', 'Menyongsong Hari Pohon Se-Dunia yang jatuh pada tanggal 21 Nopember 2011 mendatang, Kabupaten Bogor kembali mendapat kehormatan sebagai tuan rumah dalam kegiatan berskala nasional dalam penanaman pohon. Gerakan penanaman satu miliar pohon ini juga sedianya akan dilakukan serentak seluruh tanah air sebagaimana amanat Keputusan Presiden RI No. 24 Tahun 2008, telah ditetapkan tanggal 28 November sebagai Hari Menanam Pohon Indonesia (HMPI) dan Bulan Menanam Nasional (BMN).\n\nKabupaten Bogor memiliki luas hutan yang cukup luas, yakni sekitar 69.901,74 hektar (berdasarkan data 2003). Luas tersebut meliputi; Hutan Produksi seluas 20.037,36 hektar, dan Hutan Produksi Terbatas seluas 17.447.32 hektar. Sedangkan Hutan Lindung tercatat seluas 30.374,16 hektar, dan Hutan Konservasi memiliki luas area 2.042,90 hektar. Informasi yang dihimpun BeritaBogorDotCom dari kantor Kesatuan Pemangkuan Hutan (KPH) Kabupaten Bogor menyebutkan, Presiden Republik Indonesia, Susilo Bambang Yudhoyono akan menanam pohon pada 28 November 2011 mendatang yang direncanakan dilaksanakan di Bukit Merah Putih, Peace Keeping Centre, Sentul, Bogor.\n\nTidak hanya itu, kabarnya Menteri Kehutanan Zulkifli Hasan juga akan melakukan hal yang sama dilokasi dan hari yang berbeda, yakni direncanakan pada tanggal 25 Nopember mendatang di kawasan Gunung Hambalam Babakan Madang. "Pihak kami belum bisa memberikan keterangan lebih mengingat hingga saat ini belum ada arahan lebih lanjut dari pihak pemerintah tingkat propinsi maupun pusat mengenai detail kegiatannya," kata salahsatu petugas KPH dikantornya, Senin (14/11/2011).', 'test', 'edited', 'no'),
(4, 3, 'pol', 'author', '2012-07-18', NULL, NULL, NULL, NULL, 'Direncanakan Hari Tanam Satu Miliar Pohon Untuk Penghijauan lhoo', 'test3', 'Menyongsong Hari Pohon Se-Dunia yang jatuh pada tanggal 21 Nopember 2011 mendatang, Kabupaten Bogor kembali mendapat kehormatan sebagai tuan rumah dalam kegiatan berskala nasional dalam penanaman pohon. Gerakan penanaman satu miliar pohon ini juga sedianya akan dilakukan serentak seluruh tanah air sebagaimana amanat Keputusan Presiden RI No. 24 Tahun 2008, telah ditetapkan tanggal 28 November sebagai Hari Menanam Pohon Indonesia (HMPI) dan Bulan Menanam Nasional (BMN).', 'Menyongsong Hari Pohon Se-Dunia yang jatuh pada tanggal 21 Nopember 2011 mendatang, Kabupaten Bogor kembali mendapat kehormatan sebagai tuan rumah dalam kegiatan berskala nasional dalam penanaman pohon. Gerakan penanaman satu miliar pohon ini juga sedianya akan dilakukan serentak seluruh tanah air sebagaimana amanat Keputusan Presiden RI No. 24 Tahun 2008, telah ditetapkan tanggal 28 November sebagai Hari Menanam Pohon Indonesia (HMPI) dan Bulan Menanam Nasional (BMN).\n\nKabupaten Bogor memiliki luas hutan yang cukup luas, yakni sekitar 69.901,74 hektar (berdasarkan data 2003). Luas tersebut meliputi; Hutan Produksi seluas 20.037,36 hektar, dan Hutan Produksi Terbatas seluas 17.447.32 hektar. Sedangkan Hutan Lindung tercatat seluas 30.374,16 hektar, dan Hutan Konservasi memiliki luas area 2.042,90 hektar. Informasi yang dihimpun BeritaBogorDotCom dari kantor Kesatuan Pemangkuan Hutan (KPH) Kabupaten Bogor menyebutkan, Presiden Republik Indonesia, Susilo Bambang Yudhoyono akan menanam pohon pada 28 November 2011 mendatang yang direncanakan dilaksanakan di Bukit Merah Putih, Peace Keeping Centre, Sentul, Bogor.\n\nTidak hanya itu, kabarnya Menteri Kehutanan Zulkifli Hasan juga akan melakukan hal yang sama dilokasi dan hari yang berbeda, yakni direncanakan pada tanggal 25 Nopember mendatang di kawasan Gunung Hambalam Babakan Madang. "Pihak kami belum bisa memberikan keterangan lebih mengingat hingga saat ini belum ada arahan lebih lanjut dari pihak pemerintah tingkat propinsi maupun pusat mengenai detail kegiatannya," kata salahsatu petugas KPH dikantornya, Senin (14/11/2011).', 'test', 'published', 'no'),
(5, 2, 'eco', 'author2', '2012-07-18', 'editor2', '2012-07-23', NULL, NULL, 'Garut Targetkan Percepatan Jadi Sentra Padi', 'test2', 'Pemerintah Kabupaten Garut menargetkan percepatan realisasi Garut sebagai sentra padi di Jawa Barat. Peningkatan produksi padi dari lahan sawah tadah hujan menjadi salah satu upaya merealisasikan target produksi 1 juta ton gabah kering giling.', 'Pemerintah Kabupaten Garut menargetkan percepatan realisasi Garut sebagai sentra padi di Jawa Barat. Peningkatan produksi padi dari lahan sawah tadah hujan menjadi salah satu upaya merealisasikan target produksi 1 juta ton gabah kering giling. Kepala Dinas Tanaman Pangan dan Hortikultura Kabupaten Garut Tatang Hidayat mengatakan, lahan tadah hujan menjadi lahan potensial untuk meningkatkan produksi padi. Selama ini, kata Tatang, para petani masih memanfaatkan lahan tadah hujan secara konvensional sehingga hanya bisa melakukan satu kali panen dalam semusim. Melalui program percepatan masa tanam tersebut, diharapkan para petani dapat meningkatkan masa panen hingga dua kali dalam setahun.\r\n\r\nTatang mengungkapkan, lahan sawah tadah hujan di Garut mencapai 9.834 dari total sawah 50.270 hektare. Lahan tadah hujan itu tersebar di 33 kecamatan. Akan tetapi luas lahan tadah hujan itu baru dimanfaatkan untuk satu kali masa tanam/panen dan menghasilkan 60.000 ton per tahun. "Dengan pengembangan budaya mitra sistem gogo rancah, para petani bisa belajar untuk mengolah lahan sebelum musim hujan sehingga lahan bisa dimanfaatkan dua kali dalam setahun. Dengan begitu, dari lahan sawah tadah hujan bisa didapatkan 120.000 ton gkg hasil dua kali panen," ungkap Tatang dalam acara Gerakan Percepatan Tanam Padi di Lahan Tadah Hujan di Desa Sindangsuka, Kecamatan Cibatu, Kabupaten Garut, Kamis (12/1). Dia berharap, peningkatan tersebut bisa mempercepat peningkatan target produksi 1 juta ton pada 2014, sesuai target pemerintah pusat.', 'test', 'row_article', 'no'),
(6, 1, 'eco', 'author', '2012-07-18', NULL, NULL, NULL, NULL, 'Gerakan Percepatan Tanam Padi Sawah Di Kabupaten Garut', 'test', 'Pencanangan Gerakan Percepatan Tanam Padi Sawah Kabupaten Garut Tahun 2012 telah dilaksanakan pada hari Kamis tanggal 12 Januari 2012. Kegiatan ini diadakan di Kampung Pulo Desa Sindang Suka Kecamatan Cibatu Kabupaten Garut. Kegiatan ini dihadiri oleh Kepala Dinas Pertanian Tanaman Provinsi Jawa Barat, Bupati Garut, Ketua DPRD Kabupaten Garut, Para Kepala Dinas/Badan Kabupaten Garut, Para Camat dan Kades di Wilayah Kabupaten Garut, Stakeholder dan para petani. Dalam sambutannya, Kepala Dinas Pertanian Tanaman Pangan Provinsi Jawa Barat DR. Ir. Endang Suhendar, MS mengungkapkan bahwa Provinsi Jawa Barat merupakan salah satu sentra produksi padi nasional dengan produksi padi tahun 2011 sebesar 11.467.516 ton GKG merupakan provinsi dengan kontribusi tertinggi di Indonesia sebesar 17,54 % serta produktivitas tertinggi di Indonesia sebesar 58,52 ku/ha GKG terdiri dari padi sawah sebesar 59,91 ku/ha dan ladang 38,35 ku/ha.', 'Pencanangan Gerakan Percepatan Tanam Padi Sawah Kabupaten Garut Tahun 2012 telah dilaksanakan pada hari Kamis tanggal 12 Januari 2012. Kegiatan ini diadakan di Kampung Pulo Desa Sindang Suka Kecamatan Cibatu Kabupaten Garut. Kegiatan ini dihadiri oleh Kepala Dinas Pertanian Tanaman Provinsi Jawa Barat, Bupati Garut, Ketua DPRD Kabupaten Garut, Para Kepala Dinas/Badan Kabupaten Garut, Para Camat dan Kades di Wilayah Kabupaten Garut, Stakeholder dan para petani. Dalam sambutannya, Kepala Dinas Pertanian Tanaman Pangan Provinsi Jawa Barat DR. Ir. Endang Suhendar, MS mengungkapkan bahwa Provinsi Jawa Barat merupakan salah satu sentra produksi padi nasional dengan produksi padi tahun 2011 sebesar 11.467.516 ton GKG merupakan provinsi dengan kontribusi tertinggi di Indonesia sebesar 17,54 % serta produktivitas tertinggi di Indonesia sebesar 58,52 ku/ha GKG terdiri dari padi sawah sebesar 59,91 ku/ha dan ladang 38,35 ku/ha.\n\nPencapaian produksi padi provinsi Jawa Barat ini tidak sedikit sumbangannya yang berasal dari Kabupaten Garut (± 7%), dimana setiap tahunnya Kabupaten Garut mampu meningkatkan produksi padinya. Selanjutnya DR. Ir. Endang Suhendar, MS menyatakan bahwa sasaran produksi padi provinsi Jawa Barat tahun 2012 ditetapkan sebesar 12,5 juta ton GKG, untuk mencapai sasaran tersebut tentu kita harus mempunyai strategi diantaranya yaitu dengan peningkatan produktivitas persatuan luas, perluasan areal tanam melalui peningkatan Indeks Pertanaman (IP), pengamanan produksi dari dampak perubahan iklim dan organisme pengganggu tanaman serta harus adanya penguatan manajemen agar pelaksanaan program berjalan sesuai rencana.\n\nDalam rangka upaya peningkatan produksi padi antara lain dengan menghasilkan produktivitas persatuan luas melalui penerapan teknologi serta dukungan dari berbagai pihak antara lain gerakan pencanangan tanam padi seperti ini sangat diperlukan untuk menggerakan aktivitas lainnya sebagai pendukung seperti gerakan pemupukan berimbang, gerakan penerapan teknologi, gerakan pengendalian OPT, gerakan pencanangan panen dan pasca panen dan sebagainya. Menutup sambutannya, DR. Ir. Endang Suhendar, MS berharap dengan dilaksanakannya gerakan pencanangan tanam padi di Desa Sindang Suka Kecamatan Cibatu Kabupaten Garut ini, mudah-mudahan dapat menjadikan kebiasaan petani khususnya di desa sindang suka ini untuk segera menanam padinya pada awal musim hujan secara serempak sehingga tanaman padinya bisa terjamin airnya dan dapat meningkatkan IP, sehingga mendukung terhadap pencapaian sasaran produksi padi Kabupaten Garut.', 'test', 'row_article', 'no');

-- --------------------------------------------------------

--
-- Table structure for table `article_version`
--

CREATE TABLE IF NOT EXISTS `article_version` (
  `id_article_version` int(11) NOT NULL AUTO_INCREMENT,
  `id_article` int(11) NOT NULL,
  `edited_by` varchar(255) DEFAULT NULL,
  `edited_on` datetime DEFAULT NULL,
  `headline` varchar(200) DEFAULT NULL,
  `lead_article` text,
  `body_article` text,
  PRIMARY KEY (`id_article_version`),
  KEY `id_article` (`id_article`)
) ENGINE=InnoDB  DEFAULT CHARSET=latin1 AUTO_INCREMENT=25 ;

--
-- Dumping data for table `article_version`
--

INSERT INTO `article_version` (`id_article_version`, `id_article`, `edited_by`, `edited_on`, `headline`, `lead_article`, `body_article`) VALUES
(1, 2, 'editor', '2012-07-19 00:00:00', 'versi1', 'versi1 versi1  versi1 versi1versi1 versi1versi1versi1versi1 versi1 versi1versi1 versi1versi1versi1 ', 'versi1versi1 versi1versi1 versi1versi1versi1versi1 versi1versi1 versi1 versi1versi1versi1 versi1 versi1 versi1 versi1versi1versi1versi1versi1 versi1 versi1 versi1versi1versi1versi1 versi1versi1versi1versi1 versi1versi1'),
(2, 2, 'editor2', '2012-07-20 00:00:00', 'versi2', 'versi2versi2 versi2 versi2 versi2versi2versi2versi2 versi2 versi2 versi2versi2versi2 versi2 versi2versi2 versi2versi2 versi2 versi2 versi2 versi2 ', 'versi2versi2versi2versi2versi2 versi2versi2 versi2versi2versi2 versi2versi2 versi2versi2 versi2versi2versi2 versi2versi2 versi2versi2 versi2versi2versi2 versi2versi2 versi2 versi2versi2 versi2versi2 versi2 versi2 versi2 versi2 versi2versi2 versi2 versi2versi2 versi2 versi2 versi2versi2  versi2'),
(3, 2, 'editor2', '2012-07-20 00:00:00', 'versi2', 'versi2versi2 versi2 versi2 versi2versi2versi2versi2 versi2 versi2 versi2versi2versi2 versi2 versi2versi2 versi2versi2 versi2 versi2 versi2 versi2 ', 'versi2versi2versi2versi2versi2 versi2versi2 versi2versi2versi2 versi2versi2 versi2versi2 versi2versi2versi2 versi2versi2 versi2versi2 versi2versi2versi2 versi2versi2 versi2 versi2versi2 versi2versi2 versi2 versi2 versi2 versi2 versi2versi2 versi2 versi2versi2 versi2 versi2 versi2versi2  versi2'),
(4, 2, 'editor2', '2012-07-20 00:00:00', 'versi2', 'versi2versi2 versi2 versi2 versi2versi2versi2versi2 versi2 versi2 versi2versi2versi2 versi2 versi2versi2 versi2versi2 versi2 versi2 versi2 versi2 ', 'versi2versi2versi2versi2versi2 versi2versi2 versi2versi2versi2 versi2versi2 versi2versi2 versi2versi2versi2 versi2versi2 versi2versi2 versi2versi2versi2 versi2versi2 versi2 versi2versi2 versi2versi2 versi2 versi2 versi2 versi2 versi2versi2 versi2 versi2versi2 versi2 versi2 versi2versi2  versi2'),
(6, 1, 'editor2', '2012-07-20 00:00:00', 'versi2', 'versi2versi2 versi2 versi2 versi2versi2versi2versi2 versi2 versi2 versi2versi2versi2 versi2 versi2versi2 versi2versi2 versi2 versi2 versi2 versi2 ', 'versi2versi2versi2versi2versi2 versi2versi2 versi2versi2versi2 versi2versi2 versi2versi2 versi2versi2versi2 versi2versi2 versi2versi2 versi2versi2versi2 versi2versi2 versi2 versi2versi2 versi2versi2 versi2 versi2 versi2 versi2 versi2versi2 versi2 versi2versi2 versi2 versi2 versi2versi2  versi2'),
(7, 1, 'editor', '2012-07-20 00:00:00', 'versi2', 'versi2versi2 versi2 versi2 versi2versi2versi2versi2 versi2 versi2 versi2versi2versi2 versi2 versi2versi2 versi2versi2 versi2 versi2 versi2 versi2 ', 'versi2versi2versi2versi2versi2 versi2versi2 versi2versi2versi2 versi2versi2 versi2versi2 versi2versi2versi2 versi2versi2 versi2versi2 versi2versi2versi2 versi2versi2 versi2 versi2versi2 versi2versi2 versi2 versi2 versi2 versi2 versi2versi2 versi2 versi2versi2 versi2 versi2 versi2versi2  versi2'),
(8, 1, 'editor', '2012-07-20 00:00:00', 'versi2', 'versi2versi2 versi2 versi2 versi2versi2versi2versi2 versi2 versi2 versi2versi2versi2 versi2 versi2versi2 versi2versi2 versi2 versi2 versi2 versi2 ', 'versi2versi2versi2versi2versi2 versi2versi2 versi2versi2versi2 versi2versi2 versi2versi2 versi2versi2versi2 versi2versi2 versi2versi2 versi2versi2versi2 versi2versi2 versi2 versi2versi2 versi2versi2 versi2 versi2 versi2 versi2 versi2versi2 versi2 versi2versi2 versi2 versi2 versi2versi2  versi2'),
(10, 3, 'andrefadila', '2012-07-26 05:10:12', 'Direncanakan Hari Tanam Satu Miliar Pohon Untuk Penghijauan', 'Menyongsong Hari Pohon Se-Dunia yang jatuh pada tanggal 21 Nopember 2011 mendatang, Kabupaten Bogor kembali mendapat kehormatan sebagai tuan rumah dalam kegiatan berskala nasional dalam penanaman pohon. Gerakan penanaman satu miliar pohon ini juga sedianya akan dilakukan serentak seluruh tanah air sebagaimana amanat Keputusan Presiden RI No. 24 Tahun 2008, telah ditetapkan tanggal 28 November sebagai Hari Menanam Pohon Indonesia (HMPI) dan Bulan Menanam Nasional (BMN).', 'Menyongsong Hari Pohon Se-Dunia yang jatuh pada tanggal 21 Nopember 2011 mendatang, Kabupaten Bogor kembali mendapat kehormatan sebagai tuan rumah dalam kegiatan berskala nasional dalam penanaman pohon. Gerakan penanaman satu miliar pohon ini juga sedianya akan dilakukan serentak seluruh tanah air sebagaimana amanat Keputusan Presiden RI No. 24 Tahun 2008, telah ditetapkan tanggal 28 November sebagai Hari Menanam Pohon Indonesia (HMPI) dan Bulan Menanam Nasional (BMN).\n\nKabupaten Bogor memiliki luas hutan yang cukup luas, yakni sekitar 69.901,74 hektar (berdasarkan data 2003). Luas tersebut meliputi; Hutan Produksi seluas 20.037,36 hektar, dan Hutan Produksi Terbatas seluas 17.447.32 hektar. Sedangkan Hutan Lindung tercatat seluas 30.374,16 hektar, dan Hutan Konservasi memiliki luas area 2.042,90 hektar. Informasi yang dihimpun BeritaBogorDotCom dari kantor Kesatuan Pemangkuan Hutan (KPH) Kabupaten Bogor menyebutkan, Presiden Republik Indonesia, Susilo Bambang Yudhoyono akan menanam pohon pada 28 November 2011 mendatang yang direncanakan dilaksanakan di Bukit Merah Putih, Peace Keeping Centre, Sentul, Bogor.\n\nTidak hanya itu, kabarnya Menteri Kehutanan Zulkifli Hasan juga akan melakukan hal yang sama dilokasi dan hari yang berbeda, yakni direncanakan pada tanggal 25 Nopember mendatang di kawasan Gunung Hambalam Babakan Madang. '),
(11, 2, 'andrefadila', '2012-07-26 05:24:13', 'Garut Targetkan Percepatan Jadi Sentra Padi', 'Pemerintah Kabupaten Garut menargetkan percepatan realisasi Garut sebagai sentra padi di Jawa Barat. Peningkatan produksi padi dari lahan sawah tadah hujan menjadi salah satu upaya merealisasikan target produksi 1 juta ton gabah kering giling.', 'Pemerintah Kabupaten Garut menargetkan percepatan realisasi Garut sebagai sentra padi di Jawa Barat. Peningkatan produksi padi dari lahan sawah tadah hujan menjadi salah satu upaya merealisasikan target produksi 1 juta ton gabah kering giling. Kepala Dinas Tanaman Pangan dan Hortikultura Kabupaten Garut Tatang Hidayat mengatakan, lahan tadah hujan menjadi lahan potensial untuk meningkatkan produksi padi. Selama ini, kata Tatang, para petani masih memanfaatkan lahan tadah hujan secara konvensional sehingga hanya bisa melakukan satu kali panen dalam semusim. Melalui program percepatan masa tanam tersebut, diharapkan para petani dapat meningkatkan masa panen hingga dua kali dalam setahun.\n\nTatang mengungkapkan, lahan sawah tadah hujan di Garut mencapai 9.834 dari total sawah 50.270 hektare. Lahan tadah hujan itu tersebar di 33 kecamatan. Akan tetapi luas lahan tadah hujan itu baru dimanfaatkan untuk satu kali masa tanam/panen dan menghasilkan 60.000 ton per tahun. '),
(12, 2, 'andrefadila', '2012-07-26 05:28:36', 'Garut Targetkan Percepatan Jadi Sentra Padi lhii', 'Pemerintah Kabupaten Garut menargetkan percepatan realisasi Garut sebagai sentra padi di Jawa Barat. Peningkatan produksi padi dari lahan sawah tadah hujan menjadi salah satu upaya merealisasikan target produksi 1 juta ton gabah kering giling.', 'Pemerintah Kabupaten Garut menargetkan percepatan realisasi Garut sebagai sentra padi di Jawa Barat. Peningkatan produksi padi dari lahan sawah tadah hujan menjadi salah satu upaya merealisasikan target produksi 1 juta ton gabah kering giling. Kepala Dinas Tanaman Pangan dan Hortikultura Kabupaten Garut Tatang Hidayat mengatakan, lahan tadah hujan menjadi lahan potensial untuk meningkatkan produksi padi. Selama ini, kata Tatang, para petani masih memanfaatkan lahan tadah hujan secara konvensional sehingga hanya bisa melakukan satu kali panen dalam semusim. Melalui program percepatan masa tanam tersebut, diharapkan para petani dapat meningkatkan masa panen hingga dua kali dalam setahun.\n\nTatang mengungkapkan, lahan sawah tadah hujan di Garut mencapai 9.834 dari total sawah 50.270 hektare. Lahan tadah hujan itu tersebar di 33 kecamatan. Akan tetapi luas lahan tadah hujan itu baru dimanfaatkan untuk satu kali masa tanam/panen dan menghasilkan 60.000 ton per tahun. '),
(13, 3, 'andrefadila', '2012-07-26 05:33:56', 'Direncanakan Hari Tanam Satu Miliar Pohon Untuk Penghijauan lhoo', 'Menyongsong Hari Pohon Se-Dunia yang jatuh pada tanggal 21 Nopember 2011 mendatang, Kabupaten Bogor kembali mendapat kehormatan sebagai tuan rumah dalam kegiatan berskala nasional dalam penanaman pohon. Gerakan penanaman satu miliar pohon ini juga sedianya akan dilakukan serentak seluruh tanah air sebagaimana amanat Keputusan Presiden RI No. 24 Tahun 2008, telah ditetapkan tanggal 28 November sebagai Hari Menanam Pohon Indonesia (HMPI) dan Bulan Menanam Nasional (BMN).', 'Menyongsong Hari Pohon Se-Dunia yang jatuh pada tanggal 21 Nopember 2011 mendatang, Kabupaten Bogor kembali mendapat kehormatan sebagai tuan rumah dalam kegiatan berskala nasional dalam penanaman pohon. Gerakan penanaman satu miliar pohon ini juga sedianya akan dilakukan serentak seluruh tanah air sebagaimana amanat Keputusan Presiden RI No. 24 Tahun 2008, telah ditetapkan tanggal 28 November sebagai Hari Menanam Pohon Indonesia (HMPI) dan Bulan Menanam Nasional (BMN).\n\nKabupaten Bogor memiliki luas hutan yang cukup luas, yakni sekitar 69.901,74 hektar (berdasarkan data 2003). Luas tersebut meliputi; Hutan Produksi seluas 20.037,36 hektar, dan Hutan Produksi Terbatas seluas 17.447.32 hektar. Sedangkan Hutan Lindung tercatat seluas 30.374,16 hektar, dan Hutan Konservasi memiliki luas area 2.042,90 hektar. Informasi yang dihimpun BeritaBogorDotCom dari kantor Kesatuan Pemangkuan Hutan (KPH) Kabupaten Bogor menyebutkan, Presiden Republik Indonesia, Susilo Bambang Yudhoyono akan menanam pohon pada 28 November 2011 mendatang yang direncanakan dilaksanakan di Bukit Merah Putih, Peace Keeping Centre, Sentul, Bogor.\n\nTidak hanya itu, kabarnya Menteri Kehutanan Zulkifli Hasan juga akan melakukan hal yang sama dilokasi dan hari yang berbeda, yakni direncanakan pada tanggal 25 Nopember mendatang di kawasan Gunung Hambalam Babakan Madang. '),
(14, 1, 'andrefadila', '2012-07-26 11:36:42', 'Pencanangan Gerakan Percepatan Tanam Padi Sawah Di Kabupaten Garut Tahun 2012', 'Pencanangan Gerakan Percepatan Tanam Padi Sawah Kabupaten Garut Tahun 2012 telah dilaksanakan pada hari Kamis tanggal 12 Januari 2012. Kegiatan ini diadakan di Kampung Pulo Desa Sindang Suka Kecamatan Cibatu Kabupaten Garut. Kegiatan ini dihadiri oleh Kepala Dinas Pertanian Tanaman Provinsi Jawa Barat, Bupati Garut, Ketua DPRD Kabupaten Garut, Para Kepala Dinas/Badan Kabupaten Garut, Para Camat dan Kades di Wilayah Kabupaten Garut, Stakeholder dan para petani. Dalam sambutannya, Kepala Dinas Pertanian Tanaman Pangan Provinsi Jawa Barat DR. Ir. Endang Suhendar, MS mengungkapkan bahwa Provinsi Jawa Barat merupakan salah satu sentra produksi padi nasional dengan produksi padi tahun 2011 sebesar 11.467.516 ton GKG merupakan provinsi dengan kontribusi tertinggi di Indonesia sebesar 17,54 % serta produktivitas tertinggi di Indonesia sebesar 58,52 ku/ha GKG terdiri dari padi sawah sebesar 59,91 ku/ha dan ladang 38,35 ku/ha.', 'Pencanangan Gerakan Percepatan Tanam Padi Sawah Kabupaten Garut Tahun 2012 telah dilaksanakan pada hari Kamis tanggal 12 Januari 2012. Kegiatan ini diadakan di Kampung Pulo Desa Sindang Suka Kecamatan Cibatu Kabupaten Garut. Kegiatan ini dihadiri oleh Kepala Dinas Pertanian Tanaman Provinsi Jawa Barat, Bupati Garut, Ketua DPRD Kabupaten Garut, Para Kepala Dinas/Badan Kabupaten Garut, Para Camat dan Kades di Wilayah Kabupaten Garut, Stakeholder dan para petani. Dalam sambutannya, Kepala Dinas Pertanian Tanaman Pangan Provinsi Jawa Barat DR. Ir. Endang Suhendar, MS mengungkapkan bahwa Provinsi Jawa Barat merupakan salah satu sentra produksi padi nasional dengan produksi padi tahun 2011 sebesar 11.467.516 ton GKG merupakan provinsi dengan kontribusi tertinggi di Indonesia sebesar 17,54 % serta produktivitas tertinggi di Indonesia sebesar 58,52 ku/ha GKG terdiri dari padi sawah sebesar 59,91 ku/ha dan ladang 38,35 ku/ha.\n\nPencapaian produksi padi provinsi Jawa Barat ini tidak sedikit sumbangannya yang berasal dari Kabupaten Garut (± 7%), dimana setiap tahunnya Kabupaten Garut mampu meningkatkan produksi padinya. Selanjutnya DR. Ir. Endang Suhendar, MS menyatakan bahwa sasaran produksi padi provinsi Jawa Barat tahun 2012 ditetapkan sebesar 12,5 juta ton GKG, untuk mencapai sasaran tersebut tentu kita harus mempunyai strategi diantaranya yaitu dengan peningkatan produktivitas persatuan luas, perluasan areal tanam melalui peningkatan Indeks Pertanaman (IP), pengamanan produksi dari dampak perubahan iklim dan organisme pengganggu tanaman serta harus adanya penguatan manajemen agar pelaksanaan program berjalan sesuai rencana.\n\nDalam rangka upaya peningkatan produksi padi antara lain dengan menghasilkan produktivitas persatuan luas melalui penerapan teknologi serta dukungan dari berbagai pihak antara lain gerakan pencanangan tanam padi seperti ini sangat diperlukan untuk menggerakan aktivitas lainnya sebagai pendukung seperti gerakan pemupukan berimbang, gerakan penerapan teknologi, gerakan pengendalian OPT, gerakan pencanangan panen dan pasca panen dan sebagainya. Menutup sambutannya, DR. Ir. Endang Suhendar, MS berharap dengan dilaksanakannya gerakan pencanangan tanam padi di Desa Sindang Suka Kecamatan Cibatu Kabupaten Garut ini, mudah-mudahan dapat menjadikan kebiasaan petani khususnya di desa sindang suka ini untuk segera menanam padinya pada awal musim hujan secara serempak sehingga tanaman padinya bisa terjamin airnya dan dapat meningkatkan IP, sehingga mendukung terhadap pencapaian sasaran produksi padi Kabupaten Garut.'),
(15, 1, 'andrefadila', '2012-07-26 11:36:50', 'Pencanangan Gerakan Percepatan Tanam Padi Sawah Di Kabupaten Garut Tahun 2012', 'Pencanangan Gerakan Percepatan Tanam Padi Sawah Kabupaten Garut Tahun 2012 telah dilaksanakan pada hari Kamis tanggal 12 Januari 2012. Kegiatan ini diadakan di Kampung Pulo Desa Sindang Suka Kecamatan Cibatu Kabupaten Garut. Kegiatan ini dihadiri oleh Kepala Dinas Pertanian Tanaman Provinsi Jawa Barat, Bupati Garut, Ketua DPRD Kabupaten Garut, Para Kepala Dinas/Badan Kabupaten Garut, Para Camat dan Kades di Wilayah Kabupaten Garut, Stakeholder dan para petani. Dalam sambutannya, Kepala Dinas Pertanian Tanaman Pangan Provinsi Jawa Barat DR. Ir. Endang Suhendar, MS mengungkapkan bahwa Provinsi Jawa Barat merupakan salah satu sentra produksi padi nasional dengan produksi padi tahun 2011 sebesar 11.467.516 ton GKG merupakan provinsi dengan kontribusi tertinggi di Indonesia sebesar 17,54 % serta produktivitas tertinggi di Indonesia sebesar 58,52 ku/ha GKG terdiri dari padi sawah sebesar 59,91 ku/ha dan ladang 38,35 ku/ha.', 'Pencanangan Gerakan Percepatan Tanam Padi Sawah Kabupaten Garut Tahun 2012 telah dilaksanakan pada hari Kamis tanggal 12 Januari 2012. Kegiatan ini diadakan di Kampung Pulo Desa Sindang Suka Kecamatan Cibatu Kabupaten Garut. Kegiatan ini dihadiri oleh Kepala Dinas Pertanian Tanaman Provinsi Jawa Barat, Bupati Garut, Ketua DPRD Kabupaten Garut, Para Kepala Dinas/Badan Kabupaten Garut, Para Camat dan Kades di Wilayah Kabupaten Garut, Stakeholder dan para petani. Dalam sambutannya, Kepala Dinas Pertanian Tanaman Pangan Provinsi Jawa Barat DR. Ir. Endang Suhendar, MS mengungkapkan bahwa Provinsi Jawa Barat merupakan salah satu sentra produksi padi nasional dengan produksi padi tahun 2011 sebesar 11.467.516 ton GKG merupakan provinsi dengan kontribusi tertinggi di Indonesia sebesar 17,54 % serta produktivitas tertinggi di Indonesia sebesar 58,52 ku/ha GKG terdiri dari padi sawah sebesar 59,91 ku/ha dan ladang 38,35 ku/ha.\n\nPencapaian produksi padi provinsi Jawa Barat ini tidak sedikit sumbangannya yang berasal dari Kabupaten Garut (± 7%), dimana setiap tahunnya Kabupaten Garut mampu meningkatkan produksi padinya. Selanjutnya DR. Ir. Endang Suhendar, MS menyatakan bahwa sasaran produksi padi provinsi Jawa Barat tahun 2012 ditetapkan sebesar 12,5 juta ton GKG, untuk mencapai sasaran tersebut tentu kita harus mempunyai strategi diantaranya yaitu dengan peningkatan produktivitas persatuan luas, perluasan areal tanam melalui peningkatan Indeks Pertanaman (IP), pengamanan produksi dari dampak perubahan iklim dan organisme pengganggu tanaman serta harus adanya penguatan manajemen agar pelaksanaan program berjalan sesuai rencana.\n\nDalam rangka upaya peningkatan produksi padi antara lain dengan menghasilkan produktivitas persatuan luas melalui penerapan teknologi serta dukungan dari berbagai pihak antara lain gerakan pencanangan tanam padi seperti ini sangat diperlukan untuk menggerakan aktivitas lainnya sebagai pendukung seperti gerakan pemupukan berimbang, gerakan penerapan teknologi, gerakan pengendalian OPT, gerakan pencanangan panen dan pasca panen dan sebagainya. Menutup sambutannya, DR. Ir. Endang Suhendar, MS berharap dengan dilaksanakannya gerakan pencanangan tanam padi di Desa Sindang Suka Kecamatan Cibatu Kabupaten Garut ini, mudah-mudahan dapat menjadikan kebiasaan petani khususnya di desa sindang suka ini untuk segera menanam padinya pada awal musim hujan secara serempak sehingga tanaman padinya bisa terjamin airnya dan dapat meningkatkan IP, sehingga mendukung terhadap pencapaian sasaran produksi padi Kabupaten Garut.'),
(16, 1, 'andrefadila', '2012-07-26 11:37:50', 'Pencanangan Gerakan Percepatan Tanam Padi Sawah Di Kabupaten Garut Tahun 2012', 'Pencanangan Gerakan Percepatan Tanam Padi Sawah Kabupaten Garut Tahun 2012 telah dilaksanakan pada hari Kamis tanggal 12 Januari 2012. Kegiatan ini diadakan di Kampung Pulo Desa Sindang Suka Kecamatan Cibatu Kabupaten Garut. Kegiatan ini dihadiri oleh Kepala Dinas Pertanian Tanaman Provinsi Jawa Barat, Bupati Garut, Ketua DPRD Kabupaten Garut, Para Kepala Dinas/Badan Kabupaten Garut, Para Camat dan Kades di Wilayah Kabupaten Garut, Stakeholder dan para petani. Dalam sambutannya, Kepala Dinas Pertanian Tanaman Pangan Provinsi Jawa Barat DR. Ir. Endang Suhendar, MS mengungkapkan bahwa Provinsi Jawa Barat merupakan salah satu sentra produksi padi nasional dengan produksi padi tahun 2011 sebesar 11.467.516 ton GKG merupakan provinsi dengan kontribusi tertinggi di Indonesia sebesar 17,54 % serta produktivitas tertinggi di Indonesia sebesar 58,52 ku/ha GKG terdiri dari padi sawah sebesar 59,91 ku/ha dan ladang 38,35 ku/ha.', 'Pencanangan Gerakan Percepatan Tanam Padi Sawah Kabupaten Garut Tahun 2012 telah dilaksanakan pada hari Kamis tanggal 12 Januari 2012. Kegiatan ini diadakan di Kampung Pulo Desa Sindang Suka Kecamatan Cibatu Kabupaten Garut. Kegiatan ini dihadiri oleh Kepala Dinas Pertanian Tanaman Provinsi Jawa Barat, Bupati Garut, Ketua DPRD Kabupaten Garut, Para Kepala Dinas/Badan Kabupaten Garut, Para Camat dan Kades di Wilayah Kabupaten Garut, Stakeholder dan para petani. Dalam sambutannya, Kepala Dinas Pertanian Tanaman Pangan Provinsi Jawa Barat DR. Ir. Endang Suhendar, MS mengungkapkan bahwa Provinsi Jawa Barat merupakan salah satu sentra produksi padi nasional dengan produksi padi tahun 2011 sebesar 11.467.516 ton GKG merupakan provinsi dengan kontribusi tertinggi di Indonesia sebesar 17,54 % serta produktivitas tertinggi di Indonesia sebesar 58,52 ku/ha GKG terdiri dari padi sawah sebesar 59,91 ku/ha dan ladang 38,35 ku/ha.\n\nPencapaian produksi padi provinsi Jawa Barat ini tidak sedikit sumbangannya yang berasal dari Kabupaten Garut (± 7%), dimana setiap tahunnya Kabupaten Garut mampu meningkatkan produksi padinya. Selanjutnya DR. Ir. Endang Suhendar, MS menyatakan bahwa sasaran produksi padi provinsi Jawa Barat tahun 2012 ditetapkan sebesar 12,5 juta ton GKG, untuk mencapai sasaran tersebut tentu kita harus mempunyai strategi diantaranya yaitu dengan peningkatan produktivitas persatuan luas, perluasan areal tanam melalui peningkatan Indeks Pertanaman (IP), pengamanan produksi dari dampak perubahan iklim dan organisme pengganggu tanaman serta harus adanya penguatan manajemen agar pelaksanaan program berjalan sesuai rencana.\n\nDalam rangka upaya peningkatan produksi padi antara lain dengan menghasilkan produktivitas persatuan luas melalui penerapan teknologi serta dukungan dari berbagai pihak antara lain gerakan pencanangan tanam padi seperti ini sangat diperlukan untuk menggerakan aktivitas lainnya sebagai pendukung seperti gerakan pemupukan berimbang, gerakan penerapan teknologi, gerakan pengendalian OPT, gerakan pencanangan panen dan pasca panen dan sebagainya. Menutup sambutannya, DR. Ir. Endang Suhendar, MS berharap dengan dilaksanakannya gerakan pencanangan tanam padi di Desa Sindang Suka Kecamatan Cibatu Kabupaten Garut ini, mudah-mudahan dapat menjadikan kebiasaan petani khususnya di desa sindang suka ini untuk segera menanam padinya pada awal musim hujan secara serempak sehingga tanaman padinya bisa terjamin airnya dan dapat meningkatkan IP, sehingga mendukung terhadap pencapaian sasaran produksi padi Kabupaten Garut.'),
(17, 1, 'andrefadila', '2012-07-26 11:40:20', 'Pencanangan Gerakan Percepatan Tanam Padi Sawah Di Kabupaten Garut Tahun 2012', 'Pencanangan Gerakan Percepatan Tanam Padi Sawah Kabupaten Garut Tahun 2012 telah dilaksanakan pada hari Kamis tanggal 12 Januari 2012. Kegiatan ini diadakan di Kampung Pulo Desa Sindang Suka Kecamatan Cibatu Kabupaten Garut. Kegiatan ini dihadiri oleh Kepala Dinas Pertanian Tanaman Provinsi Jawa Barat, Bupati Garut, Ketua DPRD Kabupaten Garut, Para Kepala Dinas/Badan Kabupaten Garut, Para Camat dan Kades di Wilayah Kabupaten Garut, Stakeholder dan para petani. Dalam sambutannya, Kepala Dinas Pertanian Tanaman Pangan Provinsi Jawa Barat DR. Ir. Endang Suhendar, MS mengungkapkan bahwa Provinsi Jawa Barat merupakan salah satu sentra produksi padi nasional dengan produksi padi tahun 2011 sebesar 11.467.516 ton GKG merupakan provinsi dengan kontribusi tertinggi di Indonesia sebesar 17,54 % serta produktivitas tertinggi di Indonesia sebesar 58,52 ku/ha GKG terdiri dari padi sawah sebesar 59,91 ku/ha dan ladang 38,35 ku/ha.', 'Pencanangan Gerakan Percepatan Tanam Padi Sawah Kabupaten Garut Tahun 2012 telah dilaksanakan pada hari Kamis tanggal 12 Januari 2012. Kegiatan ini diadakan di Kampung Pulo Desa Sindang Suka Kecamatan Cibatu Kabupaten Garut. Kegiatan ini dihadiri oleh Kepala Dinas Pertanian Tanaman Provinsi Jawa Barat, Bupati Garut, Ketua DPRD Kabupaten Garut, Para Kepala Dinas/Badan Kabupaten Garut, Para Camat dan Kades di Wilayah Kabupaten Garut, Stakeholder dan para petani. Dalam sambutannya, Kepala Dinas Pertanian Tanaman Pangan Provinsi Jawa Barat DR. Ir. Endang Suhendar, MS mengungkapkan bahwa Provinsi Jawa Barat merupakan salah satu sentra produksi padi nasional dengan produksi padi tahun 2011 sebesar 11.467.516 ton GKG merupakan provinsi dengan kontribusi tertinggi di Indonesia sebesar 17,54 % serta produktivitas tertinggi di Indonesia sebesar 58,52 ku/ha GKG terdiri dari padi sawah sebesar 59,91 ku/ha dan ladang 38,35 ku/ha.\n\nPencapaian produksi padi provinsi Jawa Barat ini tidak sedikit sumbangannya yang berasal dari Kabupaten Garut (± 7%), dimana setiap tahunnya Kabupaten Garut mampu meningkatkan produksi padinya. Selanjutnya DR. Ir. Endang Suhendar, MS menyatakan bahwa sasaran produksi padi provinsi Jawa Barat tahun 2012 ditetapkan sebesar 12,5 juta ton GKG, untuk mencapai sasaran tersebut tentu kita harus mempunyai strategi diantaranya yaitu dengan peningkatan produktivitas persatuan luas, perluasan areal tanam melalui peningkatan Indeks Pertanaman (IP), pengamanan produksi dari dampak perubahan iklim dan organisme pengganggu tanaman serta harus adanya penguatan manajemen agar pelaksanaan program berjalan sesuai rencana.\n\nDalam rangka upaya peningkatan produksi padi antara lain dengan menghasilkan produktivitas persatuan luas melalui penerapan teknologi serta dukungan dari berbagai pihak antara lain gerakan pencanangan tanam padi seperti ini sangat diperlukan untuk menggerakan aktivitas lainnya sebagai pendukung seperti gerakan pemupukan berimbang, gerakan penerapan teknologi, gerakan pengendalian OPT, gerakan pencanangan panen dan pasca panen dan sebagainya. Menutup sambutannya, DR. Ir. Endang Suhendar, MS berharap dengan dilaksanakannya gerakan pencanangan tanam padi di Desa Sindang Suka Kecamatan Cibatu Kabupaten Garut ini, mudah-mudahan dapat menjadikan kebiasaan petani khususnya di desa sindang suka ini untuk segera menanam padinya pada awal musim hujan secara serempak sehingga tanaman padinya bisa terjamin airnya dan dapat meningkatkan IP, sehingga mendukung terhadap pencapaian sasaran produksi padi Kabupaten Garut.'),
(18, 1, 'andrefadila', '2012-07-26 11:41:21', 'Pencanangan Gerakan Percepatan Tanam Padi Sawah Di Kabupaten Garut Tahun 2012', 'Pencanangan Gerakan Percepatan Tanam Padi Sawah Kabupaten Garut Tahun 2012 telah dilaksanakan pada hari Kamis tanggal 12 Januari 2012. Kegiatan ini diadakan di Kampung Pulo Desa Sindang Suka Kecamatan Cibatu Kabupaten Garut. Kegiatan ini dihadiri oleh Kepala Dinas Pertanian Tanaman Provinsi Jawa Barat, Bupati Garut, Ketua DPRD Kabupaten Garut, Para Kepala Dinas/Badan Kabupaten Garut, Para Camat dan Kades di Wilayah Kabupaten Garut, Stakeholder dan para petani. Dalam sambutannya, Kepala Dinas Pertanian Tanaman Pangan Provinsi Jawa Barat DR. Ir. Endang Suhendar, MS mengungkapkan bahwa Provinsi Jawa Barat merupakan salah satu sentra produksi padi nasional dengan produksi padi tahun 2011 sebesar 11.467.516 ton GKG merupakan provinsi dengan kontribusi tertinggi di Indonesia sebesar 17,54 % serta produktivitas tertinggi di Indonesia sebesar 58,52 ku/ha GKG terdiri dari padi sawah sebesar 59,91 ku/ha dan ladang 38,35 ku/ha.', 'Pencanangan Gerakan Percepatan Tanam Padi Sawah Kabupaten Garut Tahun 2012 telah dilaksanakan pada hari Kamis tanggal 12 Januari 2012. Kegiatan ini diadakan di Kampung Pulo Desa Sindang Suka Kecamatan Cibatu Kabupaten Garut. Kegiatan ini dihadiri oleh Kepala Dinas Pertanian Tanaman Provinsi Jawa Barat, Bupati Garut, Ketua DPRD Kabupaten Garut, Para Kepala Dinas/Badan Kabupaten Garut, Para Camat dan Kades di Wilayah Kabupaten Garut, Stakeholder dan para petani. Dalam sambutannya, Kepala Dinas Pertanian Tanaman Pangan Provinsi Jawa Barat DR. Ir. Endang Suhendar, MS mengungkapkan bahwa Provinsi Jawa Barat merupakan salah satu sentra produksi padi nasional dengan produksi padi tahun 2011 sebesar 11.467.516 ton GKG merupakan provinsi dengan kontribusi tertinggi di Indonesia sebesar 17,54 % serta produktivitas tertinggi di Indonesia sebesar 58,52 ku/ha GKG terdiri dari padi sawah sebesar 59,91 ku/ha dan ladang 38,35 ku/ha.\n\nPencapaian produksi padi provinsi Jawa Barat ini tidak sedikit sumbangannya yang berasal dari Kabupaten Garut (± 7%), dimana setiap tahunnya Kabupaten Garut mampu meningkatkan produksi padinya. Selanjutnya DR. Ir. Endang Suhendar, MS menyatakan bahwa sasaran produksi padi provinsi Jawa Barat tahun 2012 ditetapkan sebesar 12,5 juta ton GKG, untuk mencapai sasaran tersebut tentu kita harus mempunyai strategi diantaranya yaitu dengan peningkatan produktivitas persatuan luas, perluasan areal tanam melalui peningkatan Indeks Pertanaman (IP), pengamanan produksi dari dampak perubahan iklim dan organisme pengganggu tanaman serta harus adanya penguatan manajemen agar pelaksanaan program berjalan sesuai rencana.\n\nDalam rangka upaya peningkatan produksi padi antara lain dengan menghasilkan produktivitas persatuan luas melalui penerapan teknologi serta dukungan dari berbagai pihak antara lain gerakan pencanangan tanam padi seperti ini sangat diperlukan untuk menggerakan aktivitas lainnya sebagai pendukung seperti gerakan pemupukan berimbang, gerakan penerapan teknologi, gerakan pengendalian OPT, gerakan pencanangan panen dan pasca panen dan sebagainya. Menutup sambutannya, DR. Ir. Endang Suhendar, MS berharap dengan dilaksanakannya gerakan pencanangan tanam padi di Desa Sindang Suka Kecamatan Cibatu Kabupaten Garut ini, mudah-mudahan dapat menjadikan kebiasaan petani khususnya di desa sindang suka ini untuk segera menanam padinya pada awal musim hujan secara serempak sehingga tanaman padinya bisa terjamin airnya dan dapat meningkatkan IP, sehingga mendukung terhadap pencapaian sasaran produksi padi Kabupaten Garut.'),
(19, 1, 'andrefadila', '2012-07-26 11:41:48', 'aaaa', 'Pencanangan Gerakan Percepatan Tanam Padi Sawah Kabupaten Garut Tahun 2012 telah dilaksanakan pada hari Kamis tanggal 12 Januari 2012. Kegiatan ini diadakan di Kampung Pulo Desa Sindang Suka Kecamatan Cibatu Kabupaten Garut. Kegiatan ini dihadiri oleh Kepala Dinas Pertanian Tanaman Provinsi Jawa Barat, Bupati Garut, Ketua DPRD Kabupaten Garut, Para Kepala Dinas/Badan Kabupaten Garut, Para Camat dan Kades di Wilayah Kabupaten Garut, Stakeholder dan para petani. Dalam sambutannya, Kepala Dinas Pertanian Tanaman Pangan Provinsi Jawa Barat DR. Ir. Endang Suhendar, MS mengungkapkan bahwa Provinsi Jawa Barat merupakan salah satu sentra produksi padi nasional dengan produksi padi tahun 2011 sebesar 11.467.516 ton GKG merupakan provinsi dengan kontribusi tertinggi di Indonesia sebesar 17,54 % serta produktivitas tertinggi di Indonesia sebesar 58,52 ku/ha GKG terdiri dari padi sawah sebesar 59,91 ku/ha dan ladang 38,35 ku/ha.', 'Pencanangan Gerakan Percepatan Tanam Padi Sawah Kabupaten Garut Tahun 2012 telah dilaksanakan pada hari Kamis tanggal 12 Januari 2012. Kegiatan ini diadakan di Kampung Pulo Desa Sindang Suka Kecamatan Cibatu Kabupaten Garut. Kegiatan ini dihadiri oleh Kepala Dinas Pertanian Tanaman Provinsi Jawa Barat, Bupati Garut, Ketua DPRD Kabupaten Garut, Para Kepala Dinas/Badan Kabupaten Garut, Para Camat dan Kades di Wilayah Kabupaten Garut, Stakeholder dan para petani. Dalam sambutannya, Kepala Dinas Pertanian Tanaman Pangan Provinsi Jawa Barat DR. Ir. Endang Suhendar, MS mengungkapkan bahwa Provinsi Jawa Barat merupakan salah satu sentra produksi padi nasional dengan produksi padi tahun 2011 sebesar 11.467.516 ton GKG merupakan provinsi dengan kontribusi tertinggi di Indonesia sebesar 17,54 % serta produktivitas tertinggi di Indonesia sebesar 58,52 ku/ha GKG terdiri dari padi sawah sebesar 59,91 ku/ha dan ladang 38,35 ku/ha.\n\nPencapaian produksi padi provinsi Jawa Barat ini tidak sedikit sumbangannya yang berasal dari Kabupaten Garut (± 7%), dimana setiap tahunnya Kabupaten Garut mampu meningkatkan produksi padinya. Selanjutnya DR. Ir. Endang Suhendar, MS menyatakan bahwa sasaran produksi padi provinsi Jawa Barat tahun 2012 ditetapkan sebesar 12,5 juta ton GKG, untuk mencapai sasaran tersebut tentu kita harus mempunyai strategi diantaranya yaitu dengan peningkatan produktivitas persatuan luas, perluasan areal tanam melalui peningkatan Indeks Pertanaman (IP), pengamanan produksi dari dampak perubahan iklim dan organisme pengganggu tanaman serta harus adanya penguatan manajemen agar pelaksanaan program berjalan sesuai rencana.\n\nDalam rangka upaya peningkatan produksi padi antara lain dengan menghasilkan produktivitas persatuan luas melalui penerapan teknologi serta dukungan dari berbagai pihak antara lain gerakan pencanangan tanam padi seperti ini sangat diperlukan untuk menggerakan aktivitas lainnya sebagai pendukung seperti gerakan pemupukan berimbang, gerakan penerapan teknologi, gerakan pengendalian OPT, gerakan pencanangan panen dan pasca panen dan sebagainya. Menutup sambutannya, DR. Ir. Endang Suhendar, MS berharap dengan dilaksanakannya gerakan pencanangan tanam padi di Desa Sindang Suka Kecamatan Cibatu Kabupaten Garut ini, mudah-mudahan dapat menjadikan kebiasaan petani khususnya di desa sindang suka ini untuk segera menanam padinya pada awal musim hujan secara serempak sehingga tanaman padinya bisa terjamin airnya dan dapat meningkatkan IP, sehingga mendukung terhadap pencapaian sasaran produksi padi Kabupaten Garut.'),
(20, 1, 'andrefadila', '2012-07-26 11:42:17', 'bbbb', 'Pencanangan Gerakan Percepatan Tanam Padi Sawah Kabupaten Garut Tahun 2012 telah dilaksanakan pada hari Kamis tanggal 12 Januari 2012. Kegiatan ini diadakan di Kampung Pulo Desa Sindang Suka Kecamatan Cibatu Kabupaten Garut. Kegiatan ini dihadiri oleh Kepala Dinas Pertanian Tanaman Provinsi Jawa Barat, Bupati Garut, Ketua DPRD Kabupaten Garut, Para Kepala Dinas/Badan Kabupaten Garut, Para Camat dan Kades di Wilayah Kabupaten Garut, Stakeholder dan para petani. Dalam sambutannya, Kepala Dinas Pertanian Tanaman Pangan Provinsi Jawa Barat DR. Ir. Endang Suhendar, MS mengungkapkan bahwa Provinsi Jawa Barat merupakan salah satu sentra produksi padi nasional dengan produksi padi tahun 2011 sebesar 11.467.516 ton GKG merupakan provinsi dengan kontribusi tertinggi di Indonesia sebesar 17,54 % serta produktivitas tertinggi di Indonesia sebesar 58,52 ku/ha GKG terdiri dari padi sawah sebesar 59,91 ku/ha dan ladang 38,35 ku/ha.', 'Pencanangan Gerakan Percepatan Tanam Padi Sawah Kabupaten Garut Tahun 2012 telah dilaksanakan pada hari Kamis tanggal 12 Januari 2012. Kegiatan ini diadakan di Kampung Pulo Desa Sindang Suka Kecamatan Cibatu Kabupaten Garut. Kegiatan ini dihadiri oleh Kepala Dinas Pertanian Tanaman Provinsi Jawa Barat, Bupati Garut, Ketua DPRD Kabupaten Garut, Para Kepala Dinas/Badan Kabupaten Garut, Para Camat dan Kades di Wilayah Kabupaten Garut, Stakeholder dan para petani. Dalam sambutannya, Kepala Dinas Pertanian Tanaman Pangan Provinsi Jawa Barat DR. Ir. Endang Suhendar, MS mengungkapkan bahwa Provinsi Jawa Barat merupakan salah satu sentra produksi padi nasional dengan produksi padi tahun 2011 sebesar 11.467.516 ton GKG merupakan provinsi dengan kontribusi tertinggi di Indonesia sebesar 17,54 % serta produktivitas tertinggi di Indonesia sebesar 58,52 ku/ha GKG terdiri dari padi sawah sebesar 59,91 ku/ha dan ladang 38,35 ku/ha.\n\nPencapaian produksi padi provinsi Jawa Barat ini tidak sedikit sumbangannya yang berasal dari Kabupaten Garut (± 7%), dimana setiap tahunnya Kabupaten Garut mampu meningkatkan produksi padinya. Selanjutnya DR. Ir. Endang Suhendar, MS menyatakan bahwa sasaran produksi padi provinsi Jawa Barat tahun 2012 ditetapkan sebesar 12,5 juta ton GKG, untuk mencapai sasaran tersebut tentu kita harus mempunyai strategi diantaranya yaitu dengan peningkatan produktivitas persatuan luas, perluasan areal tanam melalui peningkatan Indeks Pertanaman (IP), pengamanan produksi dari dampak perubahan iklim dan organisme pengganggu tanaman serta harus adanya penguatan manajemen agar pelaksanaan program berjalan sesuai rencana.\n\nDalam rangka upaya peningkatan produksi padi antara lain dengan menghasilkan produktivitas persatuan luas melalui penerapan teknologi serta dukungan dari berbagai pihak antara lain gerakan pencanangan tanam padi seperti ini sangat diperlukan untuk menggerakan aktivitas lainnya sebagai pendukung seperti gerakan pemupukan berimbang, gerakan penerapan teknologi, gerakan pengendalian OPT, gerakan pencanangan panen dan pasca panen dan sebagainya. Menutup sambutannya, DR. Ir. Endang Suhendar, MS berharap dengan dilaksanakannya gerakan pencanangan tanam padi di Desa Sindang Suka Kecamatan Cibatu Kabupaten Garut ini, mudah-mudahan dapat menjadikan kebiasaan petani khususnya di desa sindang suka ini untuk segera menanam padinya pada awal musim hujan secara serempak sehingga tanaman padinya bisa terjamin airnya dan dapat meningkatkan IP, sehingga mendukung terhadap pencapaian sasaran produksi padi Kabupaten Garut.'),
(21, 6, 'andrefadila', '2012-07-27 10:11:17', 'Pencanangan Gerakan Percepatan Tanam Padi Sawah Di Kabupaten Garut Tahun 2012', 'Pencanangan Gerakan Percepatan Tanam Padi Sawah Kabupaten Garut Tahun 2012 telah dilaksanakan pada hari Kamis tanggal 12 Januari 2012. Kegiatan ini diadakan di Kampung Pulo Desa Sindang Suka Kecamatan Cibatu Kabupaten Garut. Kegiatan ini dihadiri oleh Kepala Dinas Pertanian Tanaman Provinsi Jawa Barat, Bupati Garut, Ketua DPRD Kabupaten Garut, Para Kepala Dinas/Badan Kabupaten Garut, Para Camat dan Kades di Wilayah Kabupaten Garut, Stakeholder dan para petani. Dalam sambutannya, Kepala Dinas Pertanian Tanaman Pangan Provinsi Jawa Barat DR. Ir. Endang Suhendar, MS mengungkapkan bahwa Provinsi Jawa Barat merupakan salah satu sentra produksi padi nasional dengan produksi padi tahun 2011 sebesar 11.467.516 ton GKG merupakan provinsi dengan kontribusi tertinggi di Indonesia sebesar 17,54 % serta produktivitas tertinggi di Indonesia sebesar 58,52 ku/ha GKG terdiri dari padi sawah sebesar 59,91 ku/ha dan ladang 38,35 ku/ha.', 'Pencanangan Gerakan Percepatan Tanam Padi Sawah Kabupaten Garut Tahun 2012 telah dilaksanakan pada hari Kamis tanggal 12 Januari 2012. Kegiatan ini diadakan di Kampung Pulo Desa Sindang Suka Kecamatan Cibatu Kabupaten Garut. Kegiatan ini dihadiri oleh Kepala Dinas Pertanian Tanaman Provinsi Jawa Barat, Bupati Garut, Ketua DPRD Kabupaten Garut, Para Kepala Dinas/Badan Kabupaten Garut, Para Camat dan Kades di Wilayah Kabupaten Garut, Stakeholder dan para petani. Dalam sambutannya, Kepala Dinas Pertanian Tanaman Pangan Provinsi Jawa Barat DR. Ir. Endang Suhendar, MS mengungkapkan bahwa Provinsi Jawa Barat merupakan salah satu sentra produksi padi nasional dengan produksi padi tahun 2011 sebesar 11.467.516 ton GKG merupakan provinsi dengan kontribusi tertinggi di Indonesia sebesar 17,54 % serta produktivitas tertinggi di Indonesia sebesar 58,52 ku/ha GKG terdiri dari padi sawah sebesar 59,91 ku/ha dan ladang 38,35 ku/ha.\n\nPencapaian produksi padi provinsi Jawa Barat ini tidak sedikit sumbangannya yang berasal dari Kabupaten Garut (± 7%), dimana setiap tahunnya Kabupaten Garut mampu meningkatkan produksi padinya. Selanjutnya DR. Ir. Endang Suhendar, MS menyatakan bahwa sasaran produksi padi provinsi Jawa Barat tahun 2012 ditetapkan sebesar 12,5 juta ton GKG, untuk mencapai sasaran tersebut tentu kita harus mempunyai strategi diantaranya yaitu dengan peningkatan produktivitas persatuan luas, perluasan areal tanam melalui peningkatan Indeks Pertanaman (IP), pengamanan produksi dari dampak perubahan iklim dan organisme pengganggu tanaman serta harus adanya penguatan manajemen agar pelaksanaan program berjalan sesuai rencana.\n\nDalam rangka upaya peningkatan produksi padi antara lain dengan menghasilkan produktivitas persatuan luas melalui penerapan teknologi serta dukungan dari berbagai pihak antara lain gerakan pencanangan tanam padi seperti ini sangat diperlukan untuk menggerakan aktivitas lainnya sebagai pendukung seperti gerakan pemupukan berimbang, gerakan penerapan teknologi, gerakan pengendalian OPT, gerakan pencanangan panen dan pasca panen dan sebagainya. Menutup sambutannya, DR. Ir. Endang Suhendar, MS berharap dengan dilaksanakannya gerakan pencanangan tanam padi di Desa Sindang Suka Kecamatan Cibatu Kabupaten Garut ini, mudah-mudahan dapat menjadikan kebiasaan petani khususnya di desa sindang suka ini untuk segera menanam padinya pada awal musim hujan secara serempak sehingga tanaman padinya bisa terjamin airnya dan dapat meningkatkan IP, sehingga mendukung terhadap pencapaian sasaran produksi padi Kabupaten Garut.'),
(22, 6, 'andrefadila', '2012-07-27 10:22:57', 'Pencanangan Gerakan Percepatan Tanam Padi Sawah Di Kabupaten Garut', 'Pencanangan Gerakan Percepatan Tanam Padi Sawah Kabupaten Garut Tahun 2012 telah dilaksanakan pada hari Kamis tanggal 12 Januari 2012. Kegiatan ini diadakan di Kampung Pulo Desa Sindang Suka Kecamatan Cibatu Kabupaten Garut. Kegiatan ini dihadiri oleh Kepala Dinas Pertanian Tanaman Provinsi Jawa Barat, Bupati Garut, Ketua DPRD Kabupaten Garut, Para Kepala Dinas/Badan Kabupaten Garut, Para Camat dan Kades di Wilayah Kabupaten Garut, Stakeholder dan para petani. Dalam sambutannya, Kepala Dinas Pertanian Tanaman Pangan Provinsi Jawa Barat DR. Ir. Endang Suhendar, MS mengungkapkan bahwa Provinsi Jawa Barat merupakan salah satu sentra produksi padi nasional dengan produksi padi tahun 2011 sebesar 11.467.516 ton GKG merupakan provinsi dengan kontribusi tertinggi di Indonesia sebesar 17,54 % serta produktivitas tertinggi di Indonesia sebesar 58,52 ku/ha GKG terdiri dari padi sawah sebesar 59,91 ku/ha dan ladang 38,35 ku/ha.', 'Pencanangan Gerakan Percepatan Tanam Padi Sawah Kabupaten Garut Tahun 2012 telah dilaksanakan pada hari Kamis tanggal 12 Januari 2012. Kegiatan ini diadakan di Kampung Pulo Desa Sindang Suka Kecamatan Cibatu Kabupaten Garut. Kegiatan ini dihadiri oleh Kepala Dinas Pertanian Tanaman Provinsi Jawa Barat, Bupati Garut, Ketua DPRD Kabupaten Garut, Para Kepala Dinas/Badan Kabupaten Garut, Para Camat dan Kades di Wilayah Kabupaten Garut, Stakeholder dan para petani. Dalam sambutannya, Kepala Dinas Pertanian Tanaman Pangan Provinsi Jawa Barat DR. Ir. Endang Suhendar, MS mengungkapkan bahwa Provinsi Jawa Barat merupakan salah satu sentra produksi padi nasional dengan produksi padi tahun 2011 sebesar 11.467.516 ton GKG merupakan provinsi dengan kontribusi tertinggi di Indonesia sebesar 17,54 % serta produktivitas tertinggi di Indonesia sebesar 58,52 ku/ha GKG terdiri dari padi sawah sebesar 59,91 ku/ha dan ladang 38,35 ku/ha.\n\nPencapaian produksi padi provinsi Jawa Barat ini tidak sedikit sumbangannya yang berasal dari Kabupaten Garut (± 7%), dimana setiap tahunnya Kabupaten Garut mampu meningkatkan produksi padinya. Selanjutnya DR. Ir. Endang Suhendar, MS menyatakan bahwa sasaran produksi padi provinsi Jawa Barat tahun 2012 ditetapkan sebesar 12,5 juta ton GKG, untuk mencapai sasaran tersebut tentu kita harus mempunyai strategi diantaranya yaitu dengan peningkatan produktivitas persatuan luas, perluasan areal tanam melalui peningkatan Indeks Pertanaman (IP), pengamanan produksi dari dampak perubahan iklim dan organisme pengganggu tanaman serta harus adanya penguatan manajemen agar pelaksanaan program berjalan sesuai rencana.\n\nDalam rangka upaya peningkatan produksi padi antara lain dengan menghasilkan produktivitas persatuan luas melalui penerapan teknologi serta dukungan dari berbagai pihak antara lain gerakan pencanangan tanam padi seperti ini sangat diperlukan untuk menggerakan aktivitas lainnya sebagai pendukung seperti gerakan pemupukan berimbang, gerakan penerapan teknologi, gerakan pengendalian OPT, gerakan pencanangan panen dan pasca panen dan sebagainya. Menutup sambutannya, DR. Ir. Endang Suhendar, MS berharap dengan dilaksanakannya gerakan pencanangan tanam padi di Desa Sindang Suka Kecamatan Cibatu Kabupaten Garut ini, mudah-mudahan dapat menjadikan kebiasaan petani khususnya di desa sindang suka ini untuk segera menanam padinya pada awal musim hujan secara serempak sehingga tanaman padinya bisa terjamin airnya dan dapat meningkatkan IP, sehingga mendukung terhadap pencapaian sasaran produksi padi Kabupaten Garut.'),
(23, 1, 'andrefadila', '2012-07-27 10:27:24', 'qweqwewqeqweqweqwe', 'Pencanangan Gerakan Percepatan Tanam Padi Sawah Kabupaten Garut Tahun 2012 telah dilaksanakan pada hari Kamis tanggal 12 Januari 2012. Kegiatan ini diadakan di Kampung Pulo Desa Sindang Suka Kecamatan Cibatu Kabupaten Garut. Kegiatan ini dihadiri oleh Kepala Dinas Pertanian Tanaman Provinsi Jawa Barat, Bupati Garut, Ketua DPRD Kabupaten Garut, Para Kepala Dinas/Badan Kabupaten Garut, Para Camat dan Kades di Wilayah Kabupaten Garut, Stakeholder dan para petani. Dalam sambutannya, Kepala Dinas Pertanian Tanaman Pangan Provinsi Jawa Barat DR. Ir. Endang Suhendar, MS mengungkapkan bahwa Provinsi Jawa Barat merupakan salah satu sentra produksi padi nasional dengan produksi padi tahun 2011 sebesar 11.467.516 ton GKG merupakan provinsi dengan kontribusi tertinggi di Indonesia sebesar 17,54 % serta produktivitas tertinggi di Indonesia sebesar 58,52 ku/ha GKG terdiri dari padi sawah sebesar 59,91 ku/ha dan ladang 38,35 ku/ha.', 'Pencanangan Gerakan Percepatan Tanam Padi Sawah Kabupaten Garut Tahun 2012 telah dilaksanakan pada hari Kamis tanggal 12 Januari 2012. Kegiatan ini diadakan di Kampung Pulo Desa Sindang Suka Kecamatan Cibatu Kabupaten Garut. Kegiatan ini dihadiri oleh Kepala Dinas Pertanian Tanaman Provinsi Jawa Barat, Bupati Garut, Ketua DPRD Kabupaten Garut, Para Kepala Dinas/Badan Kabupaten Garut, Para Camat dan Kades di Wilayah Kabupaten Garut, Stakeholder dan para petani. Dalam sambutannya, Kepala Dinas Pertanian Tanaman Pangan Provinsi Jawa Barat DR. Ir. Endang Suhendar, MS mengungkapkan bahwa Provinsi Jawa Barat merupakan salah satu sentra produksi padi nasional dengan produksi padi tahun 2011 sebesar 11.467.516 ton GKG merupakan provinsi dengan kontribusi tertinggi di Indonesia sebesar 17,54 % serta produktivitas tertinggi di Indonesia sebesar 58,52 ku/ha GKG terdiri dari padi sawah sebesar 59,91 ku/ha dan ladang 38,35 ku/ha.\n\nPencapaian produksi padi provinsi Jawa Barat ini tidak sedikit sumbangannya yang berasal dari Kabupaten Garut (± 7%), dimana setiap tahunnya Kabupaten Garut mampu meningkatkan produksi padinya. Selanjutnya DR. Ir. Endang Suhendar, MS menyatakan bahwa sasaran produksi padi provinsi Jawa Barat tahun 2012 ditetapkan sebesar 12,5 juta ton GKG, untuk mencapai sasaran tersebut tentu kita harus mempunyai strategi diantaranya yaitu dengan peningkatan produktivitas persatuan luas, perluasan areal tanam melalui peningkatan Indeks Pertanaman (IP), pengamanan produksi dari dampak perubahan iklim dan organisme pengganggu tanaman serta harus adanya penguatan manajemen agar pelaksanaan program berjalan sesuai rencana.\n\nDalam rangka upaya peningkatan produksi padi antara lain dengan menghasilkan produktivitas persatuan luas melalui penerapan teknologi serta dukungan dari berbagai pihak antara lain gerakan pencanangan tanam padi seperti ini sangat diperlukan untuk menggerakan aktivitas lainnya sebagai pendukung seperti gerakan pemupukan berimbang, gerakan penerapan teknologi, gerakan pengendalian OPT, gerakan pencanangan panen dan pasca panen dan sebagainya. Menutup sambutannya, DR. Ir. Endang Suhendar, MS berharap dengan dilaksanakannya gerakan pencanangan tanam padi di Desa Sindang Suka Kecamatan Cibatu Kabupaten Garut ini, mudah-mudahan dapat menjadikan kebiasaan petani khususnya di desa sindang suka ini untuk segera menanam padinya pada awal musim hujan secara serempak sehingga tanaman padinya bisa terjamin airnya dan dapat meningkatkan IP, sehingga mendukung terhadap pencapaian sasaran produksi padi Kabupaten Garut.'),
(24, 4, 'andrefadila', '2012-07-27 10:27:48', 'Direncanakan Hari Tanam Satu Miliar Pohon Untuk Penghijauan lhoo', 'Menyongsong Hari Pohon Se-Dunia yang jatuh pada tanggal 21 Nopember 2011 mendatang, Kabupaten Bogor kembali mendapat kehormatan sebagai tuan rumah dalam kegiatan berskala nasional dalam penanaman pohon. Gerakan penanaman satu miliar pohon ini juga sedianya akan dilakukan serentak seluruh tanah air sebagaimana amanat Keputusan Presiden RI No. 24 Tahun 2008, telah ditetapkan tanggal 28 November sebagai Hari Menanam Pohon Indonesia (HMPI) dan Bulan Menanam Nasional (BMN).', 'Menyongsong Hari Pohon Se-Dunia yang jatuh pada tanggal 21 Nopember 2011 mendatang, Kabupaten Bogor kembali mendapat kehormatan sebagai tuan rumah dalam kegiatan berskala nasional dalam penanaman pohon. Gerakan penanaman satu miliar pohon ini juga sedianya akan dilakukan serentak seluruh tanah air sebagaimana amanat Keputusan Presiden RI No. 24 Tahun 2008, telah ditetapkan tanggal 28 November sebagai Hari Menanam Pohon Indonesia (HMPI) dan Bulan Menanam Nasional (BMN).\n\nKabupaten Bogor memiliki luas hutan yang cukup luas, yakni sekitar 69.901,74 hektar (berdasarkan data 2003). Luas tersebut meliputi; Hutan Produksi seluas 20.037,36 hektar, dan Hutan Produksi Terbatas seluas 17.447.32 hektar. Sedangkan Hutan Lindung tercatat seluas 30.374,16 hektar, dan Hutan Konservasi memiliki luas area 2.042,90 hektar. Informasi yang dihimpun BeritaBogorDotCom dari kantor Kesatuan Pemangkuan Hutan (KPH) Kabupaten Bogor menyebutkan, Presiden Republik Indonesia, Susilo Bambang Yudhoyono akan menanam pohon pada 28 November 2011 mendatang yang direncanakan dilaksanakan di Bukit Merah Putih, Peace Keeping Centre, Sentul, Bogor.\n\nTidak hanya itu, kabarnya Menteri Kehutanan Zulkifli Hasan juga akan melakukan hal yang sama dilokasi dan hari yang berbeda, yakni direncanakan pada tanggal 25 Nopember mendatang di kawasan Gunung Hambalam Babakan Madang. ');

-- --------------------------------------------------------

--
-- Table structure for table `author`
--

CREATE TABLE IF NOT EXISTS `author` (
  `id_author` varchar(50) NOT NULL,
  `id_source` int(11) NOT NULL,
  `name` varchar(255) DEFAULT NULL,
  `email` varchar(255) DEFAULT NULL,
  `phone` varchar(255) DEFAULT NULL,
  `date_created` datetime NOT NULL,
  PRIMARY KEY (`id_author`),
  KEY `id_source` (`id_source`)
) ENGINE=InnoDB DEFAULT CHARSET=latin1;

--
-- Dumping data for table `author`
--

INSERT INTO `author` (`id_author`, `id_source`, `name`, `email`, `phone`, `date_created`) VALUES
('aaa', 2, 'asdasda', 'andre_fadila@yahoo.com', '12345', '2012-07-24 02:08:42'),
('author', 1, 'bambang', 'andre_fadila@yahoo.com', '12345', '2012-07-18 11:58:54'),
('author2', 2, 'budi', 'awpwebanimator49@gmail.com', '12345', '2012-07-18 12:00:17');

-- --------------------------------------------------------

--
-- Table structure for table `author_article`
--

CREATE TABLE IF NOT EXISTS `author_article` (
  `id_author_article` int(11) NOT NULL AUTO_INCREMENT,
  `id_author` varchar(50) NOT NULL,
  `id_article` int(11) NOT NULL,
  `process_date` datetime DEFAULT NULL,
  PRIMARY KEY (`id_author_article`,`id_author`,`id_article`),
  KEY `id_author` (`id_author`),
  KEY `id_article` (`id_article`)
) ENGINE=InnoDB  DEFAULT CHARSET=latin1 AUTO_INCREMENT=2 ;

--
-- Dumping data for table `author_article`
--

INSERT INTO `author_article` (`id_author_article`, `id_author`, `id_article`, `process_date`) VALUES
(1, 'author', 2, '2012-07-18 00:00:00');

-- --------------------------------------------------------

--
-- Table structure for table `category`
--

CREATE TABLE IF NOT EXISTS `category` (
  `id_category` varchar(5) NOT NULL,
  `category_name` varchar(255) DEFAULT NULL,
  PRIMARY KEY (`id_category`)
) ENGINE=InnoDB DEFAULT CHARSET=latin1;

--
-- Dumping data for table `category`
--

INSERT INTO `category` (`id_category`, `category_name`) VALUES
('eco', 'Economy'),
('oto', 'Otomotif'),
('pol', 'Politic'),
('tec', 'Technology'),
('tes', 'ts');

-- --------------------------------------------------------

--
-- Table structure for table `source`
--

CREATE TABLE IF NOT EXISTS `source` (
  `id_source` int(11) NOT NULL,
  `source_name` varchar(255) DEFAULT NULL,
  `source_type` enum('wires','publisher') DEFAULT NULL,
  PRIMARY KEY (`id_source`)
) ENGINE=InnoDB DEFAULT CHARSET=latin1;

--
-- Dumping data for table `source`
--

INSERT INTO `source` (`id_source`, `source_name`, `source_type`) VALUES
(1, 'beritasatu.com', 'publisher'),
(2, 'Campus Life', 'publisher'),
(3, 'AFP', 'wires'),
(4, 'NYT', 'wires'),
(5, 'qwe', 'wires');

-- --------------------------------------------------------

--
-- Table structure for table `tag`
--

CREATE TABLE IF NOT EXISTS `tag` (
  `id_tag` varchar(255) NOT NULL,
  PRIMARY KEY (`id_tag`)
) ENGINE=InnoDB DEFAULT CHARSET=latin1;

--
-- Dumping data for table `tag`
--

INSERT INTO `tag` (`id_tag`) VALUES
(''),
('a'),
('d'),
('q'),
('s');

-- --------------------------------------------------------

--
-- Table structure for table `tag_article`
--

CREATE TABLE IF NOT EXISTS `tag_article` (
  `id_tag_article` int(11) NOT NULL AUTO_INCREMENT,
  `id_article` int(11) NOT NULL,
  `id_tag` varchar(255) NOT NULL,
  PRIMARY KEY (`id_tag_article`),
  KEY `id_article` (`id_article`),
  KEY `id_tag` (`id_tag`)
) ENGINE=InnoDB  DEFAULT CHARSET=latin1 AUTO_INCREMENT=8 ;

--
-- Dumping data for table `tag_article`
--

INSERT INTO `tag_article` (`id_tag_article`, `id_article`, `id_tag`) VALUES
(1, 1, 'q'),
(2, 1, 'a'),
(3, 1, 's'),
(4, 1, 'd'),
(5, 1, ''),
(6, 6, ''),
(7, 4, '');

-- --------------------------------------------------------

--
-- Table structure for table `users`
--

CREATE TABLE IF NOT EXISTS `users` (
  `id_user` varchar(50) NOT NULL,
  `id_source` int(11) NOT NULL,
  `password` varchar(255) NOT NULL,
  `name` varchar(255) DEFAULT NULL,
  `phone` varchar(255) DEFAULT NULL,
  `email` varchar(255) DEFAULT NULL,
  `user_level` enum('viewer','reporter','editor','publisher','administrator') DEFAULT NULL,
  `date_created` datetime NOT NULL,
  PRIMARY KEY (`id_user`),
  KEY `id_source` (`id_source`)
) ENGINE=InnoDB DEFAULT CHARSET=latin1;

--
-- Dumping data for table `users`
--

INSERT INTO `users` (`id_user`, `id_source`, `password`, `name`, `phone`, `email`, `user_level`, `date_created`) VALUES
('admin', 2, 'd033e22ae348aeb5660fc2140aec35850c4da997', 'admin', '12345', 'andre_fadila@yahoo.com', 'administrator', '2012-07-18 06:56:05'),
('andrefadila', 1, 'b1b3773a05c0ed0176787a4f1574ff0075f7521e', 'Fadila Andre', '12345', 'andrefadila@gmail.com', 'administrator', '0000-00-00 00:00:00'),
('editor', 1, 'ab41949825606da179db7c89ddcedcc167b64847', 'editor', '12345', 'editor@kasd.asd', 'editor', '2012-07-20 06:46:15'),
('editor2', 2, 'dca51001e938d082f9bd520e46d33c865ed14cd5', 'editor2', '123456', 'andre.fadila@live.co.uk', 'editor', '2012-07-20 06:47:13'),
('publisher', 1, 'b497a0aad7d4c7179b4fa30ccb0b930e674048dd', 'publisherrrrr', '12345', 'andre_fadila@yahoo.com', 'publisher', '0000-00-00 00:00:00'),
('publisher2', 2, '6ece5178b6179bb6da9a40ec7ef5d685e2138845', 'publisher2', '12345', 'andrefadila@gmail.com', 'reporter', '2012-07-20 08:40:52'),
('reporter', 2, '40a630e157504605e40ba241f6b1f78ab1dd97b9', 'reporter', '12345', 'andre_fadila@yahoo.com', 'reporter', '2012-07-20 06:45:06'),
('reporter2', 1, '7434f3a72ae238f7b3716873971665d505b7d008', 'reporter2', '12345', 'andre.fadila@live.co.uk', 'reporter', '2012-07-20 08:39:59'),
('viewer', 1, '40b4f25b1fd956b576d880db2b41182e0444bd1d', 'viewer', '12345', 'afsfa@awed.asds', 'viewer', '0000-00-00 00:00:00');

-- --------------------------------------------------------

--
-- Table structure for table `users_article`
--

CREATE TABLE IF NOT EXISTS `users_article` (
  `id_users_article` int(11) NOT NULL AUTO_INCREMENT,
  `id_user` varchar(50) NOT NULL,
  `id_article` int(11) NOT NULL,
  `flag` enum('row_article','edited','published','deleted') DEFAULT NULL,
  `process_date` datetime DEFAULT NULL,
  PRIMARY KEY (`id_users_article`,`id_user`,`id_article`),
  KEY `id_user` (`id_user`),
  KEY `id_article` (`id_article`)
) ENGINE=InnoDB  DEFAULT CHARSET=latin1 AUTO_INCREMENT=14 ;

--
-- Dumping data for table `users_article`
--

INSERT INTO `users_article` (`id_users_article`, `id_user`, `id_article`, `flag`, `process_date`) VALUES
(1, 'editor', 2, 'edited', '2012-07-19 00:00:00'),
(2, 'editor2', 2, 'edited', '2012-07-20 00:00:00'),
(3, 'editor', 1, 'edited', '2012-07-23 00:00:00'),
(4, 'editor2', 1, 'edited', '2012-07-23 00:00:00'),
(5, 'editor2', 2, 'row_article', '2012-07-01 00:00:00'),
(6, 'editor2', 2, 'edited', '2012-07-20 00:00:00'),
(7, 'editor2', 1, 'edited', '2012-07-23 00:00:00'),
(8, 'editor2', 2, 'edited', '2012-07-20 00:00:00'),
(9, 'editor2', 2, 'row_article', '2012-07-01 00:00:00'),
(10, 'editor2', 2, 'row_article', '2012-07-01 00:00:00'),
(11, 'editor2', 2, 'row_article', '2012-07-01 00:00:00'),
(12, 'editor2', 2, 'row_article', '2012-07-01 00:00:00'),
(13, 'editor2', 1, 'edited', '2012-07-23 00:00:00');

--
-- Constraints for dumped tables
--

--
-- Constraints for table `article`
--
ALTER TABLE `article`
  ADD CONSTRAINT `article_ibfk_1` FOREIGN KEY (`id_source`) REFERENCES `source` (`id_source`) ON DELETE CASCADE ON UPDATE CASCADE,
  ADD CONSTRAINT `article_ibfk_2` FOREIGN KEY (`id_category`) REFERENCES `category` (`id_category`) ON DELETE CASCADE ON UPDATE CASCADE;

--
-- Constraints for table `article_version`
--
ALTER TABLE `article_version`
  ADD CONSTRAINT `article_version_ibfk_1` FOREIGN KEY (`id_article`) REFERENCES `article` (`id_article`) ON DELETE CASCADE ON UPDATE CASCADE;

--
-- Constraints for table `author_article`
--
ALTER TABLE `author_article`
  ADD CONSTRAINT `author_article_ibfk_1` FOREIGN KEY (`id_author`) REFERENCES `author` (`id_author`) ON DELETE CASCADE ON UPDATE CASCADE,
  ADD CONSTRAINT `author_article_ibfk_2` FOREIGN KEY (`id_article`) REFERENCES `article` (`id_article`) ON DELETE CASCADE ON UPDATE CASCADE;

--
-- Constraints for table `tag_article`
--
ALTER TABLE `tag_article`
  ADD CONSTRAINT `tag_article_ibfk_1` FOREIGN KEY (`id_article`) REFERENCES `article` (`id_article`) ON DELETE CASCADE ON UPDATE CASCADE;

--
-- Constraints for table `users`
--
ALTER TABLE `users`
  ADD CONSTRAINT `users_ibfk_1` FOREIGN KEY (`id_source`) REFERENCES `source` (`id_source`) ON DELETE CASCADE ON UPDATE CASCADE;

--
-- Constraints for table `users_article`
--
ALTER TABLE `users_article`
  ADD CONSTRAINT `users_article_ibfk_1` FOREIGN KEY (`id_user`) REFERENCES `users` (`id_user`) ON DELETE CASCADE ON UPDATE CASCADE,
  ADD CONSTRAINT `users_article_ibfk_2` FOREIGN KEY (`id_article`) REFERENCES `article` (`id_article`) ON DELETE CASCADE ON UPDATE CASCADE;

/*!40101 SET CHARACTER_SET_CLIENT=@OLD_CHARACTER_SET_CLIENT */;
/*!40101 SET CHARACTER_SET_RESULTS=@OLD_CHARACTER_SET_RESULTS */;
/*!40101 SET COLLATION_CONNECTION=@OLD_COLLATION_CONNECTION */;
